,Sector,Entry_Date,Exit_Date,Entry_Spread,Exit_Spread,PnL,Holding_Period
0,USD Sustainability-Linked Bonds,2024-01-02,2024-01-04,-0.0015908228642549371,0.0012300797867668134,282.09026510217507,2
1,USD Sustainability-Linked Bonds,2024-01-10,2024-01-11,0.0021762989461640014,0.0005986725140108007,157.76264321532008,1
2,USD Sustainability-Linked Bonds,2024-01-23,2024-01-24,-0.0016523972052965297,0.0011585274868478601,281.092469214439,1
3,USD Sustainability-Linked Bonds,2024-02-01,2024-02-02,-0.0011331571796298068,0.00036880992570209603,150.19671053319027,1
4,USD Sustainability-Linked Bonds,2024-02-20,2024-02-21,-0.0008598573455615988,0.0005600504507361492,141.9907796297748,1
5,USD Sustainability-Linked Bonds,2024-02-28,2024-02-29,-0.0013431013983320472,0.00027555705021931054,161.86584485513578,1
6,USD Sustainability-Linked Bonds,2024-03-01,2024-03-04,-0.001106514590008656,0.0004621076309417882,156.86222209504442,3
7,USD Sustainability-Linked Bonds,2024-03-12,2024-03-15,0.0010171935545333355,-0.0003317187979323677,134.89123524657032,3
8,USD Sustainability-Linked Bonds,2024-03-19,2024-03-20,-0.0005049247483563946,-7.759658955830417e-06,49.716508940056414,1
9,USD Sustainability-Linked Bonds,2024-03-21,2024-03-22,0.0018274398551756388,-0.0003633962744813424,219.0836129656981,1
10,USD Sustainability-Linked Bonds,2024-03-25,2024-03-26,-0.0008470805322162711,-0.00048745914089542985,35.962139132084125,1
11,USD Sustainability-Linked Bonds,2024-04-02,2024-04-03,-0.0008033887326389655,0.00011785970193134432,92.12484345703098,1
12,USD Sustainability-Linked Bonds,2024-04-05,2024-04-08,0.0013711478058989757,0.00016888649177426718,120.22613141247085,3
13,USD Sustainability-Linked Bonds,2024-04-12,2024-04-17,-0.0011067940421409794,-3.886267247166231e-05,106.79313696693171,5
14,USD Sustainability-Linked Bonds,2024-04-18,2024-04-19,0.0009165126841126359,-0.0006533406305193612,156.9853314631997,1
15,USD Sustainability-Linked Bonds,2024-04-23,2024-04-24,0.0012046265850862437,-0.0004705983588355611,167.52249439218048,1
16,USD Sustainability-Linked Bonds,2024-04-26,2024-04-29,0.0008033030527010432,0.0004900602235999862,31.324282910105694,3
17,USD Sustainability-Linked Bonds,2024-05-01,2024-05-02,-0.0008098028957619352,0.00036388160709965867,117.36845028615939,1
18,USD Sustainability-Linked Bonds,2024-05-03,2024-05-07,0.0018825958173671609,-0.0005243110476902402,240.6906865057401,4
19,USD Sustainability-Linked Bonds,2024-05-14,2024-05-15,-0.000778196209593629,0.0008965753378800123,167.47715474736412,1
20,USD Sustainability-Linked Bonds,2024-05-22,2024-05-23,-0.0007774824524590107,0.0005482644504688494,132.57469029278602,1
21,USD Sustainability-Linked Bonds,2024-05-29,2024-05-30,-0.0006535754530353488,0.00043134811139577955,108.49235644311284,1
22,USD Sustainability-Linked Bonds,2024-06-04,2024-06-05,-0.0007645437971248725,-0.00037290234998010874,39.16414471447638,1
23,USD Sustainability-Linked Bonds,2024-06-12,2024-06-13,0.0009760715372053586,-0.0019778187393411084,295.3890276546467,1
24,USD Sustainability-Linked Bonds,2024-06-14,2024-06-17,-0.0012785332396904048,-0.00035795326940102346,92.05799702893813,3
25,USD Sustainability-Linked Bonds,2024-06-18,2024-06-19,0.0008796961781485368,2.4050958450372306e-05,85.56452196981645,1
26,USD Sustainability-Linked Bonds,2024-06-27,2024-06-28,0.0015296646289559845,0.000588030370675674,94.16342582803105,1
27,USD Sustainability-Linked Bonds,2024-07-03,2024-07-04,0.00082754766668236,2.4103901099747915e-05,80.34437655826122,1
28,USD Sustainability-Linked Bonds,2024-07-10,2024-07-11,0.0007294706286049557,0.0002575117239664859,47.19589046384698,1
29,USD Sustainability-Linked Bonds,2024-07-18,2024-07-19,0.0007688155530524154,-0.0002571415025395263,102.59570555919417,1
30,USD Sustainability-Linked Bonds,2024-07-22,2024-07-23,0.0009085689031620436,0.00013130157595919734,77.72673272028463,1
31,USD Sustainability-Linked Bonds,2024-07-30,2024-08-06,-0.0010745461200296624,0.0035183593396131974,459.29054596428597,7
32,USD Sustainability-Linked Bonds,2024-08-13,2024-08-14,0.001593782223794804,0.0008603124065218459,73.34698172729581,1
33,USD Sustainability-Linked Bonds,2024-08-22,2024-08-23,0.0014836107813167576,0.00023514696337745278,124.84638179393048,1
34,USD Sustainability-Linked Bonds,2024-09-03,2024-09-05,-0.002515672264266744,0.00024668812287442776,276.23603871411717,2
35,USD Sustainability-Linked Bonds,2024-09-25,2024-09-26,0.0011618738577651166,0.00038565841469984097,77.62154430652757,1
36,USD Sustainability-Linked Bonds,2024-09-30,2024-10-01,0.00139336729549,0.0003015664954768571,109.1800800013143,1
37,USD Sustainability-Linked Bonds,2024-10-07,2024-10-09,-0.0007783838398074394,0.0012323732931944775,201.0757133001917,2
38,USD Sustainability-Linked Bonds,2024-10-17,2024-10-18,0.0011582218226802166,-0.00028235408300547604,144.05759056856925,1
39,USD Sustainability-Linked Bonds,2024-10-22,2024-10-24,-0.001020821805708061,-0.00011697016484824019,90.38516408598207,2
40,USD Sustainability-Linked Bonds,2024-10-25,2024-10-28,0.0011671749194555048,2.0223423064402724e-05,114.69514963911021,3
41,USD Sustainability-Linked Bonds,2024-10-29,2024-10-30,-0.0007161401595158212,0.0009954172185772103,171.15573780930316,1
42,USD Sustainability-Linked Bonds,2024-10-31,2024-11-01,-0.000929889316856225,0.0006257354892467148,155.562480610294,1
43,USD Sustainability-Linked Bonds,2024-11-05,2024-11-06,-0.000997296800313796,0.0008264829723386713,182.37797726524673,1
44,USD Sustainability-Linked Bonds,2024-11-07,2024-11-08,0.00139049084649856,-4.054060719238528e-05,143.10314536909453,1
45,USD Corporates Fallen Angels,2024-01-03,2024-01-04,-0.005535414499636571,0.004599286283376358,1013.4700783012929,1
46,USD Corporates Fallen Angels,2024-01-05,2024-01-08,0.00277391443014674,-0.00033409414913609936,310.80085792828396,3
47,USD Corporates Fallen Angels,2024-01-10,2024-01-11,0.002766086507722143,-0.0022744317640399636,504.0518271762107,1
48,USD Corporates Fallen Angels,2024-01-16,2024-01-17,0.00357491280834632,-0.0014004540259715537,497.53668343178737,1
49,USD Corporates Fallen Angels,2024-01-18,2024-01-19,0.0031933490583110347,-0.00035809481902981943,355.1443877340854,1
50,USD Corporates Fallen Angels,2024-01-24,2024-01-25,0.0039011073839049226,-0.0010489220049803016,495.0029388885224,1
51,USD Corporates Fallen Angels,2024-01-30,2024-02-01,-0.0019480665863997881,-0.001267177107315609,68.08894790841791,2
52,USD Corporates Fallen Angels,2024-02-02,2024-02-06,0.006163568907859185,-0.0006037368537368248,676.730576159601,4
53,USD Corporates Fallen Angels,2024-02-23,2024-02-26,-0.002645328250006518,0.0004935158930298167,313.88441430363343,3
54,USD Corporates Fallen Angels,2024-02-28,2024-02-29,-0.002674336531323096,-0.0002643805309352487,240.99560003878474,1
55,USD Corporates Fallen Angels,2024-03-05,2024-03-06,-0.0037609521566326354,-0.00038323911478777006,337.77130418448655,1
56,USD Corporates Fallen Angels,2024-03-14,2024-03-15,0.003079088528041729,-0.0007124176063678656,379.15061344095943,1
57,USD Corporates Fallen Angels,2024-03-22,2024-03-25,-0.003217427782777227,0.0006839503315917428,390.137811436897,3
58,USD Corporates Fallen Angels,2024-03-27,2024-03-28,-0.0017243752394779932,0.001330562053851625,305.49372933296183,1
59,USD Corporates Fallen Angels,2024-04-01,2024-04-02,0.003748377654618662,-0.001121823884798756,487.0201539417418,1
60,USD Corporates Fallen Angels,2024-04-05,2024-04-08,0.003977632898260475,4.9119997355129286e-05,392.8512900905345,3
61,USD Corporates Fallen Angels,2024-04-10,2024-04-11,0.00402971940950525,-0.00048240976137414737,451.2129170879398,1
62,USD Corporates Fallen Angels,2024-04-12,2024-04-15,-0.0038031487549098353,0.0016039972716438422,540.7146026553678,3
63,USD Corporates Fallen Angels,2024-04-16,2024-04-18,-0.001721567628626075,0.0014002091175892017,312.1776746215277,2
64,USD Corporates Fallen Angels,2024-05-01,2024-05-02,-0.0026878276696251646,0.0004841066536740435,317.1934323299208,1
65,USD Corporates Fallen Angels,2024-05-14,2024-05-16,-0.0016752788192060386,0.0027246394218055636,439.9918241011602,2
66,USD Corporates Fallen Angels,2024-05-20,2024-05-21,0.001989948362272065,-0.0006193397675986478,260.9288129870713,1
67,USD Corporates Fallen Angels,2024-05-24,2024-05-27,-0.0017023194258778407,0.00022566554120495574,192.79849670827963,3
68,USD Corporates Fallen Angels,2024-05-28,2024-05-29,0.002691924045679084,0.0008779225888749798,181.40014568041042,1
69,USD Corporates Fallen Angels,2024-05-30,2024-05-31,-0.003001869003060431,-0.0003085842746461953,269.3284728414236,1
70,USD Corporates Fallen Angels,2024-06-03,2024-06-05,-0.002065090743409881,-0.001456418793301717,60.86719501081639,2
71,USD Corporates Fallen Angels,2024-06-07,2024-06-10,0.004922155619953905,0.0011581793281757458,376.39762917781593,3
72,USD Corporates Fallen Angels,2024-06-11,2024-06-12,-0.0024220421344114396,0.0003058734394336682,272.7915573845108,1
73,USD Corporates Fallen Angels,2024-06-13,2024-06-17,-0.004620870939174848,0.0028405651535318155,746.1436092706664,4
74,USD Corporates Fallen Angels,2024-06-26,2024-06-27,0.003913872350378211,-0.0018820354342969914,579.5907784675203,1
75,USD Corporates Fallen Angels,2024-06-28,2024-06-30,0.004147006811672016,0.00014632975857775676,400.06770530942595,2
76,USD Corporates Fallen Angels,2024-07-01,2024-07-02,0.0027549466987145665,-0.002536340884277344,529.1287582991911,1
77,USD Corporates Fallen Angels,2024-07-05,2024-07-08,-0.002722314330544595,0.0007592377560969865,348.1552086641582,3
78,USD Corporates Fallen Angels,2024-07-25,2024-07-29,-0.0015728215439676507,-0.001247373217435399,32.544832653225164,4
79,USD Corporates Fallen Angels,2024-07-31,2024-08-06,-0.00271647457589852,0.009728582893597904,1244.5057469496423,6
80,USD Corporates Fallen Angels,2024-08-07,2024-08-08,0.003811797238623016,0.0023080730954695428,150.37241431534733,1
81,USD Corporates Fallen Angels,2024-08-15,2024-08-16,0.004342120713992759,-2.6748224101869056e-05,436.8868938094628,1
82,USD Corporates Fallen Angels,2024-09-03,2024-09-05,-0.0068288462304828546,-1.0862955252433082e-05,681.7983275230422,2
83,USD Corporates Fallen Angels,2024-09-12,2024-09-13,0.0034030548397255833,0.0003547215362278422,304.8333303497741,1
84,USD Corporates Fallen Angels,2024-09-17,2024-09-19,0.0028556536007744437,0.002018964963760972,83.66886370134719,2
85,USD Corporates Fallen Angels,2024-09-25,2024-09-26,0.0030124748544028135,0.0009868978495281011,202.55770048747124,1
86,USD Corporates Fallen Angels,2024-10-01,2024-10-02,-0.002220905519418892,0.0020692933565900073,429.01988760088994,1
87,USD Corporates Fallen Angels,2024-10-03,2024-10-07,0.002882371745706047,3.571907182498002e-05,284.6652673881067,4
88,USD Corporates Fallen Angels,2024-10-17,2024-10-18,0.0031628935830578797,-0.00017060974751670344,333.35033305745833,1
89,USD Corporates Fallen Angels,2024-10-21,2024-10-22,0.00427913781020306,-0.0019831155688020408,626.22533790051,1
90,USD Corporates Fallen Angels,2024-10-23,2024-10-24,-0.0011118652421143738,1.310044575264513e-06,111.31752866896383,1
91,USD Corporates Fallen Angels,2024-10-31,2024-11-01,-0.0023664337153619375,0.00422585761919414,659.2291334556078,1
92,USD Corporates Fallen Angels,2024-11-04,2024-11-06,-0.003844695407373644,0.007257663923181723,1110.2359330555366,2
93,USD Corporates Fallen Angels,2024-11-07,2024-11-08,-0.0024128318391964942,0.0008976643819627039,331.0496221159198,1
94,USD Corporates Fallen Angels,2024-11-12,2024-11-13,0.0038252569863500563,0.001463674675693638,236.15823106564181,1
95,JUST Capital USD High Yield Benchmark,2024-01-02,2024-01-04,-0.0020325353446317695,0.003283858345117685,531.6393689749455,2
96,JUST Capital USD High Yield Benchmark,2024-01-05,2024-01-08,0.0033240042900241074,0.00030506294242083065,301.8941347603277,3
97,JUST Capital USD High Yield Benchmark,2024-01-10,2024-01-11,0.003720621709812466,-0.003409296638414494,712.991834822696,1
98,JUST Capital USD High Yield Benchmark,2024-01-17,2024-01-18,-0.0021547877317432684,0.0033960061964145583,555.0793928157826,1
99,JUST Capital USD High Yield Benchmark,2024-01-24,2024-01-25,0.003075166095000914,4.181045138040851e-05,303.33556436205055,1
100,JUST Capital USD High Yield Benchmark,2024-01-29,2024-02-01,-0.0022089932952462643,-0.001174430373862112,103.45629213841522,3
101,JUST Capital USD High Yield Benchmark,2024-02-02,2024-02-05,0.003829626208915471,0.0012738941325953768,255.57320763200943,3
102,JUST Capital USD High Yield Benchmark,2024-02-07,2024-02-08,0.0030254247459539085,0.001957498301897176,106.79264440567326,1
103,JUST Capital USD High Yield Benchmark,2024-02-22,2024-02-23,0.0029196329936544974,-0.0029389094049037112,585.8542398558209,1
104,JUST Capital USD High Yield Benchmark,2024-02-26,2024-02-27,-0.0024548017098097175,0.0016183282208888095,407.31299306985267,1
105,JUST Capital USD High Yield Benchmark,2024-02-28,2024-02-29,-0.0030817961151128337,-0.0009562912342824248,212.55048808304088,1
106,JUST Capital USD High Yield Benchmark,2024-03-05,2024-03-06,-0.0038016168015990726,0.0002405448478588479,404.21616494579206,1
107,JUST Capital USD High Yield Benchmark,2024-03-12,2024-03-13,0.0031602890014457152,0.0017728340857139369,138.74549157317784,1
108,JUST Capital USD High Yield Benchmark,2024-03-22,2024-03-25,-0.003261103811981858,0.00044031847733883023,370.1422289320688,3
109,JUST Capital USD High Yield Benchmark,2024-04-01,2024-04-02,0.0031218927759023574,-0.0014938488267359773,461.57416026383345,1
110,JUST Capital USD High Yield Benchmark,2024-04-05,2024-04-08,0.0031355245968680556,0.00040925698464844285,272.62676122196126,3
111,JUST Capital USD High Yield Benchmark,2024-04-09,2024-04-10,-0.002101466646850625,0.0034091893823432473,551.0656029193872,1
112,JUST Capital USD High Yield Benchmark,2024-04-12,2024-04-15,-0.0038377558177249416,0.0012791414230431952,511.68972407681366,3
113,JUST Capital USD High Yield Benchmark,2024-04-17,2024-04-18,-0.00208780275591236,0.0018612079032125362,394.9010659124896,1
114,JUST Capital USD High Yield Benchmark,2024-04-22,2024-04-24,0.0031415033246278146,-0.0005108493308716433,365.2352655499458,2
115,JUST Capital USD High Yield Benchmark,2024-05-07,2024-05-08,-0.0022116677394752315,-0.0002755893996744252,193.60783398008064,1
116,JUST Capital USD High Yield Benchmark,2024-05-14,2024-05-16,-0.0015453630049904188,0.00123661488112492,278.1977886115339,2
117,JUST Capital USD High Yield Benchmark,2024-05-22,2024-05-23,-0.001731577001250817,4.204365633420082e-07,173.1997437814159,1
118,JUST Capital USD High Yield Benchmark,2024-05-28,2024-05-29,0.0026804698985448683,0.00031645486126474776,236.40150372801205,1
119,JUST Capital USD High Yield Benchmark,2024-05-30,2024-05-31,-0.002293834977136422,-0.00012191288047458393,217.1922096661838,1
120,JUST Capital USD High Yield Benchmark,2024-06-03,2024-06-05,-0.0017110594298765935,-0.00018442478774627347,152.663464213032,2
121,JUST Capital USD High Yield Benchmark,2024-06-07,2024-06-10,0.004198169653494177,0.001340379531358793,285.7790122135384,3
122,JUST Capital USD High Yield Benchmark,2024-06-11,2024-06-12,-0.0022998570050727363,0.0010432898731356222,334.31468782083584,1
123,JUST Capital USD High Yield Benchmark,2024-06-13,2024-06-17,-0.005515348812161758,0.004337874082995463,985.3222895157221,4
124,JUST Capital USD High Yield Benchmark,2024-06-26,2024-06-27,0.003266434603212409,-0.0020537249997273355,532.0159602939744,1
125,JUST Capital USD High Yield Benchmark,2024-06-28,2024-06-30,0.004644143703848025,0.00010717729201625836,453.69664118317667,2
126,JUST Capital USD High Yield Benchmark,2024-07-01,2024-07-02,0.00279867139897394,-0.0019579951110031413,475.66665099770813,1
127,JUST Capital USD High Yield Benchmark,2024-07-22,2024-07-23,0.0028385963256516433,0.0002048624833210777,263.3733842330566,1
128,JUST Capital USD High Yield Benchmark,2024-07-29,2024-08-05,-0.002322772722114008,-0.0037966403656349845,-147.38676435209763,7
129,JUST Capital USD High Yield Benchmark,2024-08-06,2024-08-07,0.01203974790224105,0.0031836048738843603,885.6143028356689,1
130,JUST Capital USD High Yield Benchmark,2024-08-15,2024-08-16,0.005259466880300212,-0.0003886842188496331,564.8151099149845,1
131,JUST Capital USD High Yield Benchmark,2024-09-03,2024-09-04,-0.006430310811974316,-0.002835171765109168,359.51390468651476,1
132,JUST Capital USD High Yield Benchmark,2024-09-17,2024-09-20,0.002491916455036769,-0.001496290488519958,398.8206943556727,3
133,JUST Capital USD High Yield Benchmark,2024-09-25,2024-09-26,0.00277181687537309,0.0009341335651568139,183.7683310216276,1
134,JUST Capital USD High Yield Benchmark,2024-10-03,2024-10-07,0.0025751349065528117,-0.0015293113714793805,410.4446278032192,4
135,JUST Capital USD High Yield Benchmark,2024-10-17,2024-10-18,0.00290472928695229,0.00024284411415820273,266.18851727940876,1
136,JUST Capital USD High Yield Benchmark,2024-10-21,2024-10-22,0.0033836339786742498,-0.00114499670373569,452.863068240994,1
137,JUST Capital USD High Yield Benchmark,2024-10-29,2024-10-30,-0.0012213793624870073,0.000776220553919349,199.75999164063563,1
138,JUST Capital USD High Yield Benchmark,2024-10-31,2024-11-01,-0.0017367821939509032,0.002960037492882539,469.6819686833442,1
139,JUST Capital USD High Yield Benchmark,2024-11-04,2024-11-06,-0.001557160875499397,0.007663633870551023,922.079474605042,2
140,JUST Capital USD High Yield Benchmark,2024-11-07,2024-11-08,-0.0020594063209373736,0.0007439832044460193,280.3389525383393,1
141,JUST Capital USD High Yield Benchmark,2024-11-12,2024-11-13,0.003171185028100987,0.002206829303857849,96.43557242431378,1
142,Treasuries,2024-01-02,2024-01-04,0.0006189963176348456,-0.0003485024215464927,96.74987391813383,2
143,Treasuries,2024-01-09,2024-01-11,-0.000526950091745193,-0.000113002600951706,41.3947490793487,2
144,Treasuries,2024-01-18,2024-01-19,-0.0007362155069361442,4.007497733504728e-05,77.62904842711916,1
145,Treasuries,2024-01-24,2024-01-25,-0.000531758876980537,-0.0003901239557277947,14.163492125274235,1
146,Treasuries,2024-01-29,2024-02-02,0.00040203351042977786,-0.0005021203702485488,90.41538806783267,4
147,Treasuries,2024-02-05,2024-02-06,-0.000528140738045968,-0.000289826433334861,23.831430471110693,1
148,Treasuries,2024-02-21,2024-02-23,-0.0004745327698971735,0.0008194414566158326,129.39742265130062,2
149,Treasuries,2024-02-26,2024-02-27,0.0003877878128553114,-0.00018492894404853466,57.271675690384605,1
150,Treasuries,2024-02-28,2024-02-29,0.0007434626196294314,0.00019471849949459497,54.87441201348364,1
151,Treasuries,2024-03-04,2024-03-05,-0.0004186712408768001,0.0006100372209918437,102.87084618686437,1
152,Treasuries,2024-03-12,2024-03-13,-0.0005996565277435195,-0.0003124315878978434,28.72249398456761,1
153,Treasuries,2024-03-18,2024-03-19,-0.0005193843205084647,0.0002552501231587456,77.46344436672103,1
154,Treasuries,2024-03-21,2024-03-22,-0.0004963347734783241,0.0002813037489568515,77.76385224351756,1
155,Treasuries,2024-03-26,2024-03-27,0.0004820584605591538,9.93815964316358e-05,38.2676864127518,1
156,Treasuries,2024-03-28,2024-03-29,-0.000576477000113651,-1.4886816216641563e-05,56.15901838970095,1
157,Treasuries,2024-04-04,2024-04-05,0.0003697258416421878,-0.0002553294164842068,62.50552581263946,1
158,Treasuries,2024-04-12,2024-04-17,0.0007044663517932204,-0.00014700145272317222,85.14678045163926,5
159,Treasuries,2024-04-22,2024-04-24,-0.000450244590458615,0.00019188264774561148,64.21272382042264,2
160,Treasuries,2024-05-17,2024-05-20,-0.00035170179828714065,3.1509894763415147e-06,35.48527877634822,3
161,Treasuries,2024-05-29,2024-05-30,0.00014593718703936887,-0.0001940115702863121,33.9948757325681,1
162,Treasuries,2024-06-04,2024-06-06,0.000666450819263753,-1.913033133160713e-05,68.55811505953602,2
163,Treasuries,2024-06-07,2024-06-10,-0.0005062364281330778,-0.00015923079097812654,34.70056371549512,3
164,Treasuries,2024-06-11,2024-06-12,0.00033255955559630124,-0.00035853179699874005,69.10913525950413,1
165,Treasuries,2024-06-13,2024-06-17,0.0006487660080238822,-9.74242890188215e-05,74.61902970427036,4
166,Treasuries,2024-06-24,2024-06-25,-0.0005758423392636658,0.00046497214548657517,104.0814484750241,1
167,Treasuries,2024-07-01,2024-07-02,-0.0006912887636398857,-0.00022353755539139541,46.775120824849026,1
168,Treasuries,2024-07-16,2024-07-17,0.00039406159788990536,0.00011180086745099516,28.22607304389102,1
169,Treasuries,2024-07-22,2024-07-23,-0.00041832902978988784,0.0002845145393903792,70.2843569180267,1
170,Treasuries,2024-07-24,2024-07-25,0.00039419482253899574,0.0001627807062598574,23.141411627913833,1
171,Treasuries,2024-07-30,2024-07-31,0.00036610937980263714,6.50063829832348e-06,35.960874150431366,1
172,Treasuries,2024-08-01,2024-08-06,0.0008596005229506432,-0.0018611004440882706,272.07009670389135,5
173,Treasuries,2024-08-08,2024-08-09,-0.0006685321912615061,-1.8030369801858015e-05,65.05018214596481,1
174,Treasuries,2024-08-14,2024-08-16,-0.0006270713814588991,0.00014467569400045122,77.17470754593504,2
175,Treasuries,2024-09-03,2024-09-04,0.0008813099973645766,0.00028499965793238324,59.631033943219336,1
176,Treasuries,2024-09-18,2024-09-20,-0.0005179104576079618,0.0001847041270970351,70.26145847049969,2
177,Treasuries,2024-09-25,2024-09-26,0.00033830821777358633,-0.000107607985348257,44.59162031218433,1
178,Treasuries,2024-10-02,2024-10-03,-0.0005045114573720699,-0.00025630924887221074,24.82022084998592,1
179,Treasuries,2024-10-04,2024-10-07,-0.0006959444754564004,5.575618073072608e-05,75.17006561871264,3
180,Treasuries,2024-10-18,2024-10-22,0.0004303766481792426,7.455681205414955e-05,35.581983612509305,4
181,Treasuries,2024-10-23,2024-10-24,0.00032158065862131213,-4.03788362004498e-05,36.19594948217619,1
182,Treasuries,2024-10-31,2024-11-01,0.0005774238307415525,-0.00017252670260847758,74.995053335003,1
183,Treasuries,2024-11-05,2024-11-08,-0.0003852671307611466,-0.00011316788920145981,27.20992415596868,3
184,USD FRN Investment Grade Corporates,2024-01-02,2024-01-03,0.0042372049164433045,-0.0002466489022809881,448.38538187242926,1
185,USD FRN Investment Grade Corporates,2024-01-04,2024-01-05,0.004940430785765448,0.002702858966677213,223.75718190882355,1
186,USD FRN Investment Grade Corporates,2024-01-16,2024-01-17,0.006753867362739752,0.0026129688824222397,414.0898480317512,1
187,USD FRN Investment Grade Corporates,2024-01-25,2024-01-26,-0.0026179333246001413,0.0006252456243202031,324.3178948920344,1
188,USD FRN Investment Grade Corporates,2024-01-29,2024-01-30,-0.003915453571776473,-0.0006328979629723896,328.2555608804083,1
189,USD FRN Investment Grade Corporates,2024-01-31,2024-02-02,-0.004852947148594522,0.009339885940865433,1419.2833089459955,2
190,USD FRN Investment Grade Corporates,2024-02-05,2024-02-06,0.0080284735545042,-0.00406008693749893,1208.856049200313,1
191,USD FRN Investment Grade Corporates,2024-02-13,2024-02-14,0.0088378130261495,-0.0027071684946007313,1154.498152075023,1
192,USD FRN Investment Grade Corporates,2024-02-23,2024-02-26,-0.003287692810244769,0.0018693287377666845,515.7021548011453,3
193,USD FRN Investment Grade Corporates,2024-03-01,2024-03-04,-0.0037480936069342885,0.0021859495459907174,593.4043152925005,3
194,USD FRN Investment Grade Corporates,2024-03-05,2024-03-06,-0.004217353507189658,-0.0021049288424672685,211.242466472239,1
195,USD FRN Investment Grade Corporates,2024-03-14,2024-03-15,0.005803057477394291,0.0008711365564515461,493.1920920942745,1
196,USD FRN Investment Grade Corporates,2024-03-22,2024-03-25,-0.003135710265519842,0.0022832163812974704,541.8926646817313,3
197,USD FRN Investment Grade Corporates,2024-03-27,2024-03-28,-0.002552054281941052,0.0003193458736635568,287.1400155604609,1
198,USD FRN Investment Grade Corporates,2024-04-01,2024-04-02,0.00676782391666475,0.0015529793222599508,521.4844594404799,1
199,USD FRN Investment Grade Corporates,2024-04-05,2024-04-08,0.0053583484586192665,0.0011072143993885453,425.1134059230721,3
200,USD FRN Investment Grade Corporates,2024-04-09,2024-04-10,-0.0035229894069916945,0.010672224015678466,1419.521342267016,1
201,USD FRN Investment Grade Corporates,2024-04-15,2024-04-16,0.00593072114919635,0.0030153746108726454,291.53465383237045,1
202,USD FRN Investment Grade Corporates,2024-04-17,2024-04-18,-0.004405093232489055,0.0026816911936841104,708.6784426173165,1
203,USD FRN Investment Grade Corporates,2024-05-01,2024-05-06,-0.0033268649192271793,-0.0008951180252128044,243.1746894014375,5
204,USD FRN Investment Grade Corporates,2024-05-15,2024-05-16,-0.005898713670571265,0.0012641234650719868,716.2837135643252,1
205,USD FRN Investment Grade Corporates,2024-05-23,2024-05-24,0.003215939303647608,-0.000768925320618008,398.4864624265616,1
206,USD FRN Investment Grade Corporates,2024-05-28,2024-05-30,0.004003916962606158,-0.0034861488807378382,749.0065843343996,2
207,USD FRN Investment Grade Corporates,2024-05-31,2024-06-05,-0.0035778550639493645,-0.002497481521172018,108.03735427773464,5
208,USD FRN Investment Grade Corporates,2024-06-07,2024-06-10,0.007736720639182848,0.0017863567231674038,595.0363916015444,3
209,USD FRN Investment Grade Corporates,2024-06-12,2024-06-14,-0.0040446385314028,-0.001282902972989386,276.1735558413414,2
210,USD FRN Investment Grade Corporates,2024-06-17,2024-06-18,0.003635143462353496,-0.0032862121886179096,692.1355650971406,1
211,USD FRN Investment Grade Corporates,2024-06-26,2024-06-27,0.005044771381624846,-0.0017549575003288354,679.9728881953681,1
212,USD FRN Investment Grade Corporates,2024-06-28,2024-06-30,0.004466435250936485,0.000130713524577164,433.5721726359321,2
213,USD FRN Investment Grade Corporates,2024-07-01,2024-07-02,0.005766699523217178,-0.002971227712673885,873.7927235891063,1
214,USD FRN Investment Grade Corporates,2024-07-03,2024-07-04,-0.0040594293019284855,7.2660877135311e-05,413.20901790637964,1
215,USD FRN Investment Grade Corporates,2024-07-05,2024-07-08,-0.004699143307122178,-5.5948850703257946e-05,464.319445641892,3
216,USD FRN Investment Grade Corporates,2024-07-11,2024-07-12,-0.004905269214156016,-0.0023412425562938655,256.40266578621504,1
217,USD FRN Investment Grade Corporates,2024-07-26,2024-07-29,-0.003316951644261712,-0.0012463985211139672,207.05531231477448,3
218,USD FRN Investment Grade Corporates,2024-07-31,2024-08-05,-0.005434194545225424,-0.00014812666732189061,528.6067877903533,5
219,USD FRN Investment Grade Corporates,2024-08-06,2024-08-08,0.005505238306299898,0.0017594678193356694,374.5770486964228,2
220,USD FRN Investment Grade Corporates,2024-08-15,2024-08-16,0.004574741547010208,-0.0014731969973686976,604.7938544378906,1
221,USD FRN Investment Grade Corporates,2024-08-22,2024-08-23,0.004004618525417447,-0.003603212495217223,760.783102063467,1
222,USD FRN Investment Grade Corporates,2024-09-04,2024-09-05,-0.00466572879649485,-0.0017789841920725635,288.6744604422287,1
223,USD FRN Investment Grade Corporates,2024-09-18,2024-09-19,0.0035305207275055928,0.0002345089950903656,329.6011732415227,1
224,USD FRN Investment Grade Corporates,2024-09-25,2024-09-26,0.0038529985177914172,0.000566447274827353,328.6551242964064,1
225,USD FRN Investment Grade Corporates,2024-09-27,2024-09-30,-0.0027451959820348204,0.0025404237178557887,528.5619699890609,3
226,USD FRN Investment Grade Corporates,2024-10-02,2024-10-08,0.0021411529886115055,-0.0005021692819291435,264.3322270540649,6
227,USD FRN Investment Grade Corporates,2024-10-15,2024-10-16,-0.003123155455747373,-0.0012933876180807324,182.97678376666403,1
228,USD FRN Investment Grade Corporates,2024-10-17,2024-10-18,0.004455631043203123,-8.923375208280682e-05,454.486479528593,1
229,USD FRN Investment Grade Corporates,2024-10-21,2024-10-22,0.0070356913275888555,0.00021488558198967667,682.0805745599179,1
230,USD FRN Investment Grade Corporates,2024-11-01,2024-11-04,0.004786133208397603,-0.0043709422374655915,915.7075445863194,3
231,USD FRN Investment Grade Corporates,2024-11-06,2024-11-07,0.008722134940507442,-0.006626813795245212,1534.8948735752654,1
232,USD FRN Investment Grade Corporates,2024-11-12,2024-11-13,0.0072247627249146795,0.0013447789402688537,587.9983784645826,1
233,USD Liquid High Yield Energy,2024-01-03,2024-01-04,-0.004200378696004314,0.00647517619568605,1067.5554891690365,1
234,USD Liquid High Yield Energy,2024-01-05,2024-01-08,0.004277768300482099,-0.00035851437868306135,463.628267916516,3
235,USD Liquid High Yield Energy,2024-01-16,2024-01-17,0.003309072392904233,-0.0018398603613249964,514.893275422923,1
236,USD Liquid High Yield Energy,2024-01-29,2024-02-02,-0.002436541049723351,0.0076977328214288265,1013.4273871152177,4
237,USD Liquid High Yield Energy,2024-02-05,2024-02-06,0.0036150324790529265,-0.0005946097947346907,420.96422737876173,1
238,USD Liquid High Yield Energy,2024-02-23,2024-02-26,-0.0028065944824320344,-4.502513083093351e-05,276.1569351601101,3
239,USD Liquid High Yield Energy,2024-02-28,2024-02-29,-0.002102713765558928,-0.00015902109305954149,194.36926724993864,1
240,USD Liquid High Yield Energy,2024-03-05,2024-03-06,-0.004452813362922803,-0.00021622392264220025,423.65894402806026,1
241,USD Liquid High Yield Energy,2024-03-22,2024-03-25,-0.0035515560222123543,0.0010836864132895974,463.5242435501952,3
242,USD Liquid High Yield Energy,2024-04-01,2024-04-02,0.004184652832689095,-0.0005960384665643081,478.06912992534035,1
243,USD Liquid High Yield Energy,2024-04-05,2024-04-08,0.004860378948133626,0.0009752152817680271,388.51636663655984,3
244,USD Liquid High Yield Energy,2024-04-09,2024-04-10,-0.001976424229300555,0.004296128022937329,627.2552252237884,1
245,USD Liquid High Yield Energy,2024-04-12,2024-04-15,-0.0035684534855584538,0.002280241283503348,584.8694769061802,3
246,USD Liquid High Yield Energy,2024-04-17,2024-04-18,-0.002982346357186527,0.0014887660113411805,447.1112368527708,1
247,USD Liquid High Yield Energy,2024-04-22,2024-04-23,0.0030974884235144273,0.0026312036638187486,46.62847596956787,1
248,USD Liquid High Yield Energy,2024-05-07,2024-05-08,-0.001754868705742929,-3.611945687098661e-06,175.12567600558305,1
249,USD Liquid High Yield Energy,2024-05-14,2024-05-16,-0.002108026159224119,0.0012218507269141643,332.9876886138283,2
250,USD Liquid High Yield Energy,2024-05-28,2024-05-29,0.003567282318330478,0.0012719966400418503,229.52856782886278,1
251,USD Liquid High Yield Energy,2024-05-30,2024-05-31,-0.0025014598615316075,-0.000693381139546867,180.80787219847406,1
252,USD Liquid High Yield Energy,2024-06-03,2024-06-05,-0.0030474500820922845,-0.0006667577414183334,238.06923406739512,2
253,USD Liquid High Yield Energy,2024-06-07,2024-06-11,0.004941357091896248,-0.0022076161323398846,714.8973224236132,4
254,USD Liquid High Yield Energy,2024-06-13,2024-06-17,-0.005620287235580945,0.004527422583341045,1014.7709818921991,4
255,USD Liquid High Yield Energy,2024-06-26,2024-06-27,0.003673099700183813,-0.0011848304098358575,485.79301100196705,1
256,USD Liquid High Yield Energy,2024-06-28,2024-06-30,0.0049264781211828534,0.00017668003960369383,474.97980815791595,2
257,USD Liquid High Yield Energy,2024-07-01,2024-07-02,0.0032710205254055102,-0.002097066810377246,536.8087335782757,1
258,USD Liquid High Yield Energy,2024-07-03,2024-07-04,-0.00321881886168196,8.869722710658223e-05,330.75160887885426,1
259,USD Liquid High Yield Energy,2024-07-15,2024-07-16,0.0031632905109487686,-0.0004939170814628469,365.72075924116155,1
260,USD Liquid High Yield Energy,2024-07-26,2024-08-06,-0.0025045884106671412,0.011988389835296487,1449.2978245963627,11
261,USD Liquid High Yield Energy,2024-08-07,2024-08-08,0.004052231627356906,0.003297232053328991,75.49995740279147,1
262,USD Liquid High Yield Energy,2024-08-15,2024-08-16,0.005162497067900618,-0.0010956317702450757,625.8128838145693,1
263,USD Liquid High Yield Energy,2024-09-03,2024-09-04,-0.007072826717603342,-0.00369868489783709,337.41418197662523,1
264,USD Liquid High Yield Energy,2024-09-10,2024-09-11,-0.006082532203288693,0.001801193834117809,788.3726037406502,1
265,USD Liquid High Yield Energy,2024-09-18,2024-09-19,0.004170565846796981,0.0019007050170505302,226.98608297464506,1
266,USD Liquid High Yield Energy,2024-09-25,2024-09-26,0.0029168416655269702,-0.0024488006428103892,536.5642308337359,1
267,USD Liquid High Yield Energy,2024-10-03,2024-10-07,0.004588605017582514,0.00044427803584423664,414.43269817382776,4
268,USD Liquid High Yield Energy,2024-10-15,2024-10-16,-0.004924291156109373,-0.00024647081955442296,467.78203365549496,1
269,USD Liquid High Yield Energy,2024-10-21,2024-10-22,0.004483399498094287,-0.000854632779122122,533.803227721641,1
270,USD Liquid High Yield Energy,2024-11-01,2024-11-04,0.004722861876434337,-0.0029700940395356312,769.2955915969968,3
271,USD Liquid High Yield Energy,2024-11-06,2024-11-07,0.00989145458735774,-0.0019680812087299326,1185.9535796087673,1
272,USD High Yield Developed Markets,2024-01-03,2024-01-04,-0.005781203586442296,0.004161522562742825,994.2726149185122,1
273,USD High Yield Developed Markets,2024-01-05,2024-01-08,0.00267486923863125,0.00010150930505115063,257.33599335800994,3
274,USD High Yield Developed Markets,2024-01-10,2024-01-11,0.0030766766897443176,-0.0035651059487995518,664.178263854387,1
275,USD High Yield Developed Markets,2024-01-18,2024-01-19,0.003248347580818156,0.00016284989415349393,308.5497686664662,1
276,USD High Yield Developed Markets,2024-01-24,2024-01-25,0.0034933324247251596,-0.0003681201444469817,386.1452569172141,1
277,USD High Yield Developed Markets,2024-01-29,2024-01-30,-0.002517156171690793,-0.0018505282988955374,66.66278727952557,1
278,USD High Yield Developed Markets,2024-01-31,2024-02-02,-0.005775188769301165,0.006538671391147277,1231.3860160448442,2
279,USD High Yield Developed Markets,2024-02-05,2024-02-06,0.0031609458031682802,-0.0008382986240955681,399.9244427263848,1
280,USD High Yield Developed Markets,2024-02-23,2024-02-26,-0.0021935532472083796,0.0008994509365882752,309.3004183796655,3
281,USD High Yield Developed Markets,2024-02-28,2024-02-29,-0.0023017749001420507,-0.00023199520639893834,206.97796937431124,1
282,USD High Yield Developed Markets,2024-03-05,2024-03-06,-0.004140377084978386,-0.0004198162131880956,372.0560871790291,1
283,USD High Yield Developed Markets,2024-03-12,2024-03-13,0.0033135739854568413,0.0022947312182823865,101.88427671744549,1
284,USD High Yield Developed Markets,2024-03-22,2024-03-25,-0.0032438921800166387,0.001106686018717995,435.05781987346336,3
285,USD High Yield Developed Markets,2024-04-01,2024-04-02,0.003997011501685188,-0.0018330423076394764,583.0053809324664,1
286,USD High Yield Developed Markets,2024-04-05,2024-04-08,0.003964803804685113,0.001029734206095756,293.5069598589357,3
287,USD High Yield Developed Markets,2024-04-09,2024-04-10,-0.0018573113672089026,0.004149241166825579,600.6552534034481,1
288,USD High Yield Developed Markets,2024-04-12,2024-04-15,-0.0037053105211828363,0.002026592596673482,573.1903117856318,3
289,USD High Yield Developed Markets,2024-04-17,2024-04-18,-0.003290550642378598,0.001770254326781906,506.0804969160504,1
290,USD High Yield Developed Markets,2024-04-22,2024-04-24,0.002711581289245757,0.0009902668071574139,172.1314482088343,2
291,USD High Yield Developed Markets,2024-05-07,2024-05-08,-0.0018836165521401993,-0.00012096416225337858,176.26523898868209,1
292,USD High Yield Developed Markets,2024-05-14,2024-05-16,-0.0017521539881293346,0.0010370059634272621,278.9159951556597,2
293,USD High Yield Developed Markets,2024-05-28,2024-05-29,0.0031742133222629754,0.0006439195957733679,253.02937264896076,1
294,USD High Yield Developed Markets,2024-05-30,2024-05-31,-0.002660794884170814,-0.0008300567581422946,183.07381260285194,1
295,USD High Yield Developed Markets,2024-06-03,2024-06-05,-0.0019923204311935727,-0.0004055057090683878,158.68147221251849,2
296,USD High Yield Developed Markets,2024-06-07,2024-06-10,0.00444761911428837,0.00154382521114671,290.379390314166,3
297,USD High Yield Developed Markets,2024-06-11,2024-06-12,-0.0024204550100137556,0.001166678535222676,358.71335452364315,1
298,USD High Yield Developed Markets,2024-06-13,2024-06-17,-0.005212762092397627,0.0038883679253410852,910.1130017738712,4
299,USD High Yield Developed Markets,2024-06-26,2024-06-27,0.003278496201295944,-0.0014135416389469135,469.20378402428577,1
300,USD High Yield Developed Markets,2024-06-28,2024-06-30,0.0046502824512801855,0.00016283361525926132,448.7448836020924,2
301,USD High Yield Developed Markets,2024-07-01,2024-07-02,0.003669961947886158,-0.0023915601654858065,606.1522113371964,1
302,USD High Yield Developed Markets,2024-07-03,2024-07-04,-0.002685183783432743,8.424913392968136e-05,276.94329173624243,1
303,USD High Yield Developed Markets,2024-07-15,2024-07-16,0.003259448803821008,-0.0003312038626179792,359.0652666438987,1
304,USD High Yield Developed Markets,2024-07-22,2024-07-23,0.0026274200716276397,0.000973009767093469,165.44103045341706,1
305,USD High Yield Developed Markets,2024-07-26,2024-07-30,-0.00208051074158333,-0.0013408720625320836,73.96386790512466,4
306,USD High Yield Developed Markets,2024-07-31,2024-08-06,-0.0025912450611009774,0.012640012174537474,1523.1257235638452,6
307,USD High Yield Developed Markets,2024-08-07,2024-08-08,0.0042769153304204055,0.002969253267199101,130.76620632213042,1
308,USD High Yield Developed Markets,2024-08-15,2024-08-16,0.005592832164448169,-0.00018269337947263153,577.5525543920801,1
309,USD High Yield Developed Markets,2024-09-03,2024-09-04,-0.006563673365662881,-0.00250399198132345,405.96813843394307,1
310,USD High Yield Developed Markets,2024-09-17,2024-09-20,0.002483611404105357,-0.0008457353415431967,332.93467456485536,3
311,USD High Yield Developed Markets,2024-09-25,2024-09-26,0.003135172898138361,0.00025676954105358085,287.840335708478,1
312,USD High Yield Developed Markets,2024-10-01,2024-10-02,-0.00207829424487338,0.001470093789492699,354.8388034366079,1
313,USD High Yield Developed Markets,2024-10-03,2024-10-07,0.0032251717983988737,-0.00038009614912382084,360.52679475226944,4
314,USD High Yield Developed Markets,2024-10-15,2024-10-16,-0.0021945572760169174,0.00032357498214907743,251.81322581659947,1
315,USD High Yield Developed Markets,2024-10-17,2024-10-18,0.0032802704569658836,0.0004564143671661469,282.38560897997365,1
316,USD High Yield Developed Markets,2024-10-21,2024-10-22,0.004548130090158642,-0.0009259427639348727,547.4072854093515,1
317,USD High Yield Developed Markets,2024-10-31,2024-11-01,-0.0016078978732354532,0.004948849028926006,655.6746902161459,1
318,USD High Yield Developed Markets,2024-11-04,2024-11-05,-0.003727977836397889,-0.0012841443242560535,244.38335121418353,1
319,USD High Yield Developed Markets,2024-11-06,2024-11-07,0.009304631662706009,-0.0033153314616165552,1261.9963124322564,1
320,USD High Yield Developed Markets,2024-11-12,2024-11-13,0.004187068806926764,0.0014977686104121757,268.9300196514588,1
